"","Day","Month","Year","SiteCode","Watershed","Ammonia","Nitrate","NPOC","Phosphorus","TDN","TN","TP","DON"
"1",1,4,15,"RB_1300E","Red Butte",0.008,2.1236,1.04,2.1236,2.86,2.9262,0.0079,0.7284
"2",1,4,15,"RB_1300S","Red Butte",0.0269,0.5801,2.29,0.5801,1.22,1.1678,0.018,0.613
"3",1,4,15,"RB_ARBR_AA","Red Butte",0.005,0.005,1.22,0.005,0.06,0.0947,0.0185,0.05
"4",1,4,15,"RB_CG_BA","Red Butte",0.005,0.005,1.46,0.005,0.15,0.1845,0.0515,0.14
"5",1,4,15,"RB_FD_AA","Red Butte",0.005,0.0085,1.81,0.0085,0.1,0.1519,0.0369,0.0865
"6",1,4,15,"RB_RBG_BA","Red Butte",0.0072,0.0092,1.47,0.0092,0.13,0.1552,0.0354,0.1136
"7",1,7,15,"RB_900W","Red Butte",0.1645,0.5779,5.712,0.5779,1.393,1.2417,0.0916,0.6506
"8",1,7,15,"RB_ARBR_AA","Red Butte",0.0204,0.0478,1.434,0.0478,0.127,0.1563,0.0361,0.0588
"9",1,7,15,"RB_CG_BA","Red Butte",0.0287,0.1302,2.523,0.1302,0.393,0.3515,0.0634,0.2341
"10",1,7,15,"RB_FD_AA","Red Butte",0.0085,0.1522,2.489,0.1522,0.32,0.3358,0.05,0.1593
"11",1,7,15,"RB_KF_BA","Red Butte",0.0062,0.0632,NA,0.0632,NA,0.1479,0.0442,NA
"12",1,7,15,"RB_LDS","Red Butte",0.0291,2.0098,NA,2.0098,NA,2.4334,0.0268,NA
"13",1,7,15,"RB_LDSWard","Red Butte",NA,NA,1.065,NA,2.566,NA,NA,NA
"14",1,7,15,"RB_RBG_BA","Red Butte",0.0307,0.1726,2.385,0.1726,0.298,0.3213,0.0398,0.0947
"15",1,7,15,"RB_Uknown","Red Butte",NA,NA,0.809,NA,0.134,NA,NA,NA
"16",1,9,14,"RB_1300E","Red Butte",NA,NA,2.317555556,NA,0.409222222,2.6438,0.0054,NA
"17",1,9,14,"RB_1300ESpring","Red Butte",0.0183,1.8007,NA,1.8007,NA,1.7541,0.005,NA
"18",1,9,14,"RB_1300S","Red Butte",0.0183,1.8007,5.238555556,1.8007,0.900888889,0.8862,0.052,-0.918111111
"19",1,9,14,"RB_ARBR_AA","Red Butte",0.0084,0.0465,0.804555556,0.0465,0.173222222,0.0845,0.0094,0.118322222
"20",1,9,14,"RB_CG_BA","Red Butte",0.0089,0.1063,0.878166667,0.1063,0.247333333,NA,NA,0.132133333
"21",1,9,14,"RB_FD_AA","Red Butte",0.0111,0.1177,0.872,0.1177,0.177777778,0.267,0.0421,0.048977778
"22",1,9,14,"RB_KF_BA","Red Butte",0.0186,0.0693,1.275666667,0.0693,0.180888889,0.2004,0.0208,0.092988889
"23",1,9,14,"RB_RBG_BA","Red Butte",0.0251,0.0863,5.832,0.0863,1.173111111,0.2266,0.0379,1.061711111
"24",1,9,14,"RB_TM","Red Butte",NA,NA,28.06188889,NA,11.97688889,NA,NA,NA
"25",1,10,14,"LR_Mendon_AA","Logan",0.0075,0.2233,1.092833333,0.005,0.312166667,0.4689,0.0125,0.081366667
"26",2,2,15,"LR_Franklin_BA","Logan",0.005,0.1148,NA,0.005,NA,0.1076,0.0134,NA
"27",2,2,15,"LR_MainSt_BA","Logan",0.0084,0.1733,NA,0.005,NA,0.2211,0.0076,NA
"28",2,2,15,"LR_Mendon_AA","Logan",0.0098,0.2119,NA,0.005,NA,0.0551,0.016,NA
"29",2,2,15,"LR_TonyGrove_BA","Logan",0.0061,0.0281,NA,0.005,NA,0.0885,0.0091,NA
"30",2,2,15,"LR_WaterLab_AA","Logan",0.0074,0.118,NA,0.005,NA,0.1518,0.0069,NA
"31",2,4,15,"LR_MainSt_BA","Logan",0.0078,0.0874,1.9,0.005,0.16,0.1775,0.0067,0.0648
"32",2,4,15,"LR_Mendon_AA","Logan",0.0083,0.0978,0.98,0.005,0.19,0.2093,0.01,0.0839
"33",2,4,15,"LR_TonyGrove_BA","Logan",0.0159,0.0574,2.7,0.005,0.14,0.1764,0.0139,0.0667
"34",2,4,15,"LR_WaterLab_AA","Logan",0.0084,0.09,1.08,0.005,0.16,0.1637,0.0078,0.0616
"35",2,10,14,"LR_Franklin_BA","Logan",0.005,0.1261,0.816666667,0.005,0.249833333,0.2222,0.0182,0.118733333
"36",2,10,14,"LR_TonyGrove_BA","Logan",0.005,0.0296,1.013166667,0.005,0.202333333,0.118,0.0072,0.167733333
"37",2,12,14,"LR_Franklin_BA","Logan",0.0147,0.1344,1.072692,0.005,0.1529496,0.1608,0.0113,0.00384960000000001
"38",2,12,14,"LR_TonyGrove_BA","Logan",0.0078,0.0663,1.343649,0.005,0.115055733,0.109,0.0061,0.040955733
"39",2,12,14,"RB_1300E","Red Butte",0.005,3.0874,NA,3.0874,NA,2.955,0.005,NA
"40",2,12,14,"RB_1300S","Red Butte",0.1145,2.2154,1.258398,2.2154,2.114875333,1.9132,0.0177,-0.215024667
"41",2,12,14,"RB_ARBR_AA","Red Butte",0.005,0.005,1.1088015,0.005,0.075903607,0.0317,0.0121,0.065903607
"42",2,12,14,"RB_CG_BA","Red Butte",0.005,0.0087,NA,0.0087,NA,0.0786,0.0185,NA
"43",2,12,14,"RB_FD_AA","Red Butte",0.0052,0.005,1.370437,0.005,0.080488013,0.0926,0.0165,0.070288013
"44",2,12,14,"RB_RBG_BA","Red Butte",0.0065,0.0055,1.415687,0.0055,0.097945067,0.1042,0.0176,0.085945067
"45",3,3,15,"LR_MainSt_BA","Logan",0.0058,0.1015,NA,0.005,NA,0.1515,0.005,NA
"46",3,3,15,"LR_Mendon_AA","Logan",0.0055,0.1825,NA,0.005,NA,0.25,0.005,NA
"47",3,3,15,"LR_TonyGrove_BA","Logan",0.0062,0.0431,NA,0.0084,NA,0.1079,0.0063,NA
"48",3,3,15,"LR_WaterLab_AA","Logan",0.0059,0.0928,NA,0.005,NA,0.1341,0.005,NA
"49",3,8,15,"RB_900W","Red Butte",0.145,0.6884,NA,0.6884,NA,1.7473,NA,NA
"50",3,8,15,"RB_ARBR_AA","Red Butte",0.0417,0.0761,NA,0.0761,NA,0.1797,0.033,NA
"51",3,8,15,"RB_CG_BA","Red Butte",0.1702,0.123,NA,0.123,NA,0.3528,0.0768,NA
"52",3,8,15,"RB_FD_AA","Red Butte",0.2532,0.3786,NA,0.3786,NA,NA,NA,NA
"53",3,8,15,"RB_LDS","Red Butte",0.1394,1.8109,NA,1.8109,NA,NA,NA,NA
"54",3,8,15,"RB_RBG_BA","Red Butte",0.022,0.1674,NA,0.1674,NA,0.3852,0.0944,NA
"55",3,9,14,"PR_BJ_AA","Provo",NA,NA,5.632555556,NA,1.167777778,0.2357,0.0057,NA
"56",3,9,14,"PR_CanyonViewPark","Provo",NA,NA,1.287222222,NA,0.880555556,NA,NA,NA
"57",3,9,14,"PR_CH_AA","Provo",NA,NA,3.370111111,NA,0.262,NA,NA,NA
"58",3,9,14,"PR_LM_BA","Provo",NA,NA,26.79777778,NA,11.96133333,NA,NA,NA
"59",3,9,14,"PR_SnakeCreekRR","Provo",NA,NA,1.432333333,NA,0.274888889,NA,NA,NA
"60",3,9,14,"PR_SpringCreek","Provo",NA,NA,3.431333333,NA,0.167333333,NA,NA,NA
"61",3,9,14,"PR_ST_BA","Provo",0.0038,0.0038,0.795888889,0.0038,0.139111111,0.1751,0.0098,0.131511111
"62",3,9,14,"PR_Vivian","Provo",NA,NA,3.263777778,NA,0.554666667,NA,NA,NA
"63",4,2,15,"PR_BJ_AA","Provo",0.0018,0.0018,3.999,0.0018,0.261,0.209,0.011,0.2574
"64",4,2,15,"PR_CH_AA","Provo",NA,NA,4.035,NA,0.623,0.4706,0.0406,NA
"65",4,2,15,"PR_LM_BA","Provo",NA,NA,3.827,NA,0.193,0.1742,0.0138,NA
"66",4,2,15,"PR_ST_BA","Provo",0.005,0.005,NA,0.005,NA,0.1633,0.001,NA
"67",4,2,15,"RB_1300E","Red Butte",NA,NA,2.51,NA,NA,NA,NA,NA
"68",4,2,15,"RB_1300S","Red Butte",0.0119,0.1335,2.55,0.1335,2.355,0.2147,0.0123,2.2096
"69",4,2,15,"RB_ARBR_AA","Red Butte",NA,NA,1.67,NA,0.07,0.1646,0.005,NA
"70",4,2,15,"RB_CG_BA","Red Butte",NA,NA,1.46,NA,0.13,0.1309,0.0056,NA
"71",4,2,15,"RB_FD_AA","Red Butte",NA,NA,2.69,NA,0.09,NA,NA,NA
"72",4,2,15,"RB_JordanPipe","Red Butte",0.0124,0.101,NA,0.101,NA,0.15,0.005,NA
"73",4,2,15,"RB_KF_BA","Red Butte",NA,NA,NA,NA,NA,0.2311,0.0271,NA
"74",4,2,15,"RB_LDSWard","Red Butte",NA,NA,0.76,NA,2.88,NA,NA,NA
"75",4,2,15,"RB_RBG_BA","Red Butte",NA,NA,1.09,NA,0.08,NA,NA,NA
"76",4,3,15,"RB_1300E","Red Butte",0.0095,2.3946,0.889,2.3946,2.984,3.3168,0.005,0.5799
"77",4,3,15,"RB_1300S","Red Butte",0.0125,1.6086,1.292,1.6086,2.531,2.7574,0.01,0.9099
"78",4,3,15,"RB_ARBR_AA","Red Butte",0.0051,0.005,1.766,0.005,0.062,0.0698,0.0259,0.0519
"79",4,3,15,"RB_CG_BA","Red Butte",0.0099,0.0176,1.141,0.0176,0.129,0.0836,0.0104,0.1015
"80",4,3,15,"RB_FD_AA","Red Butte",0.0093,0.0573,1.248,0.0573,0.135,0.1556,0.0156,0.0684
"81",4,3,15,"RB_RBG_BA","Red Butte",0.0204,0.016,1.205,0.016,0.152,0.087,0.0194,0.1156
"82",4,9,14,"LR_Franklin_BA","Logan",NA,NA,0.5302222225,NA,NA,NA,NA,NA
"83",4,9,14,"LR_Mendon_AA","Logan",NA,NA,1.888133333,NA,NA,NA,NA,NA
"84",4,9,14,"LR_TonyGrove_BA","Logan",NA,NA,0.8435,NA,NA,NA,NA,NA
"85",4,9,14,"LR_WaterLab_AA","Logan",NA,NA,1.082833333,NA,NA,NA,NA,NA
"86",4,12,14,"LR_MainSt_BA","Logan",0.005,0.1322,0.729697,0.005,0.185668533,0.1432,0.005,0.048468533
"87",4,12,14,"LR_Mendon_AA","Logan",0.005,0.2075,0.962825,0.005,0.240234867,0.2906,0.0073,0.027734867
"88",4,12,14,"LR_WaterLab_AA","Logan",0.0063,0.1404,0.7298237,0.005,0.07865592,0.1859,0.0051,-0.06804408
"89",4,12,14,"PR_BJ_AA","Provo",2e-04,2e-04,3.85249,2e-04,0.131644733,0.2004,0.0114,0.131244733
"90",4,12,14,"PR_CH_AA","Provo",0.0186,0.0186,3.012831,0.0186,0.307529867,0.3839,0.0197,0.270329867
"91",4,12,14,"PR_LM_BA","Provo",0.005,0.005,3.1001635,0.005,0.1116336,0.1827,0.0084,0.1016336
"92",4,12,14,"PR_ST_BA","Provo",0.0041,0.0041,2.9350915,0.0041,0.266902467,0.1797,0.0016,0.258702467
"93",5,2,15,"LR_MainSt_BA","Logan",0.0067,0.1112,1.1,0.005,0.19,0.3388,0.005,0.0721
"94",5,2,15,"LR_Mendon_AA","Logan",0.0101,0.199,1.68,0.005,0.43,0.3691,0.0184,0.2209
"95",5,2,15,"LR_TonyGrove_BA","Logan",0.0101,0.0451,1.91,0.005,0.1,0.1169,0.0073,0.0448
"96",5,2,15,"LR_WaterLab_AA","Logan",0.005,0.121,1.28,0.005,0.23,0.2422,0.0121,0.104
"97",5,3,15,"LR_MainSt_BA","Logan",NA,NA,1.768,NA,0.152,NA,NA,NA
"98",5,3,15,"LR_Mendon_AA","Logan",NA,NA,0.967,NA,0.193,NA,NA,NA
"99",5,3,15,"LR_TonyGrove_BA","Logan",NA,NA,1.223,NA,0.102,NA,NA,NA
"100",5,3,15,"LR_WaterLab_AA","Logan",NA,NA,3.23,NA,0.113,NA,NA,NA
"101",5,3,15,"PR_BJ_AA","Provo",0.0074,0.0074,3.13,0.0074,0.217,NA,NA,0.2022
"102",5,3,15,"PR_CH_AA","Provo",0.0125,0.0125,NA,0.0125,NA,0.3877,0.0292,NA
"103",5,3,15,"PR_LM_BA","Provo",0.0094,0.0094,3.236,0.0094,0.245,0.1883,0.0082,0.2262
"104",5,3,15,"PR_ST_BA","Provo",0.007,0.007,NA,0.007,NA,0.1774,0.0031,NA
"105",6,1,15,"LR_MainSt_BA","Logan",0.0065,0.1799,0.674,0.005,0.218,0.2357,0.0066,0.0316
"106",6,1,15,"LR_Mendon_AA","Logan",0.1202,0.2819,NA,0.005,NA,0.5844,0.0102,NA
"107",6,1,15,"LR_TonyGrove_BA","Logan",NA,NA,1.006,NA,0.761,NA,NA,NA
"108",6,1,15,"LR_WaterLab_AA","Logan",0.009,0.1862,0.604,0.005,0.248,0.2968,0.0171,0.0528
"109",7,1,15,"PR_BJ_AA","Provo",0.0025,0.0025,3.329,0.0025,0.242,0.2131,0.0106,0.237
"110",7,1,15,"PR_CH_AA","Provo",0.0251,0.0251,3.109,0.0251,0.466,0.4523,0.0282,0.4158
"111",7,1,15,"PR_LM_BA","Provo",0.0105,0.0105,3.156,0.0105,0.224,0.2275,0.0142,0.203
"112",7,1,15,"PR_ST_BA","Provo",3e-04,3e-04,2.381,3e-04,0.209,0.2275,0.0021,0.2084
"113",7,7,15,"LR_Franklin_BA","Logan",0.0097,0.1027,1.22,0.005,0.146,0.1667,0.016,0.0336
"114",7,7,15,"LR_MainSt_BA","Logan",0.0101,0.0892,1.08,0.005,0.15,0.1609,0.0065,0.0507
"115",7,7,15,"LR_Mendon_AA","Logan",0.0101,0.084,1.89,0.005,0.314473,0.3792,0.0187,0.220373
"116",7,7,15,"LR_TonyGrove_BA","Logan",0.0136,0.0217,1.96,0.005,0.1056483,0.203,0.0135,0.0703483
"117",7,7,15,"LR_WaterLab_AA","Logan",0.0141,0.0697,1.71,0.005,0.145,0.1308,0.005,0.0612
"118",7,9,14,"LR_CanalGarff","Logan",0.0124,0.101,0.889333333,0.005,0.183111111,0.15,0.005,0.069711111
"119",7,9,14,"LR_Franklin_BA","Logan",0.0119,0.1335,NA,0.005,NA,0.2147,0.0123,NA
"120",7,9,14,"LR_HWY252","Logan",0.0145,0.1693,1.144166667,0.005,0.3125,NA,NA,0.1287
"121",7,9,14,"LR_MainSt_BA","Logan",0.005,0.101,NA,0.005,NA,NA,NA,NA
"122",7,9,14,"LR_Mendon_AA","Logan",0.0202,0.2099,NA,0.005,NA,NA,NA,NA
"123",7,9,14,"LR_Temple","Logan",0.0052,0.0317,1.777666667,0.005,0.226,0.0733,0.005,0.1891
"124",7,9,14,"LR_TonyGrove_BA","Logan",0.0183,0.0305,NA,0.005,NA,NA,NA,NA
"125",7,9,14,"LR_WaterLab_AA","Logan",0.0136,0.0976,NA,0.0092,NA,0.137,0.005,NA
"126",8,1,15,"LR_Franklin_BA","Logan",0.0063,0.1565,0.902,0.005,0.196,0.2221,0.0121,0.0332
"127",8,1,15,"LR_TonyGrove_BA","Logan",0.0071,0.1103,0.996,0.005,0.124,0.1732,0.0068,0.00660000000000001
"128",8,5,15,"PR_BJ_AA","Provo",0.0051,0.0051,3.197,0.0051,0.169,0.1888,0.0128,0.1588
"129",8,5,15,"PR_CH_AA","Provo",0.0231,0.0231,4.242,0.0231,0.268,NA,NA,0.2218
"130",8,5,15,"PR_LM_BA","Provo",NA,NA,3.334,NA,0.215,0.1512,0.0178,NA
"131",8,5,15,"PR_ST_BA","Provo",NA,NA,7.059,NA,0.229,0.211,0.0132,NA
"132",8,7,15,"PR_BJ_AA","Provo",0.0079,0.0079,4.63,0.0079,0.207,0.1757,0.0075,0.1912
"133",8,7,15,"PR_CH_AA","Provo",0.0252,0.0252,4.742,0.0252,0.335,0.2357,0.0205,0.2846
"134",8,7,15,"PR_LM_BA","Provo",0.0155,0.0155,NA,0.0155,NA,0.1569,0.0113,NA
"135",8,7,15,"PR_ST_BA","Provo",0.0107,0.0107,3.996,0.0107,0.166,0.151,0.0036,0.1446
"136",10,4,15,"PR_BJ_AA","Provo",0.0191,0.0191,3.23,0.0191,0.2,0.2346,0.0067,0.1618
"137",10,4,15,"PR_CH_AA","Provo",0.0435,0.0435,3.45,0.0435,0.37,0.3936,0.0282,0.283
"138",10,4,15,"PR_LM_BA","Provo",0.0653,0.0653,3.3,0.0653,0.18,0.2007,0.0126,0.0494
"139",11,5,15,"LR_Franklin_BA","Logan",0.0171,0.1059,1.676,0.0098,0.231,0.1147,0.0199,0.108
"140",11,5,15,"LR_MainSt_BA","Logan",0.0155,0.1051,NA,0.005,NA,0.1478,0.0139,NA
"141",11,5,15,"LR_Mendon_AA","Logan",0.0153,0.1244,NA,0.005,NA,0.215,0.0207,NA
"142",11,5,15,"LR_TonyGrove_BA","Logan",0.0101,0.0437,2.451,0.005,0.081,0.0754,0.0167,0.0272
"143",11,5,15,"LR_WaterLab_AA","Logan",0.0104,0.0861,1.25,0.005,0.173,0.1198,0.0141,0.0765
"144",11,5,15,"MR_AA_150511?","Logan",NA,NA,1.403,NA,0.237,NA,NA,NA
"145",11,5,15,"MS_BA_150511?","Logan",NA,NA,1.317,NA,0.219,NA,NA,NA
"146",11,9,14,"LR_MainSt_BA","Logan",NA,NA,0.988666667,NA,0.240333333,NA,NA,NA
"147",11,12,14,"RB_1300E","Red Butte",0.005,2.9754,0.914317,2.9754,3.055336,3.0834,0.0102,0.0749360000000001
"148",11,12,14,"RB_1300S","Red Butte",0.0233,2.125,1.035406,2.125,2.165372667,2.043,0.0098,0.0170726670000003
"149",11,12,14,"RB_ARBR_AA","Red Butte",0.005,0.005,0.986536,0.005,0.074851927,0.0426,0.0206,0.064851927
"150",11,12,14,"RB_CG_BA","Red Butte",0.0061,0.0183,1.517952,0.0183,0.08065286,0.0665,0.0167,0.05625286
"151",11,12,14,"RB_FD_AA","Red Butte",0.005,0.005,2.1652985,0.005,0.090654253,0.0531,0.0122,0.080654253
"152",11,12,14,"RB_KF_BA","Red Butte",0.0138,0.0645,0.82847775,0.0645,0.1557666,0.0915,0.0265,0.0774666
"153",11,12,14,"RB_RBG_BA","Red Butte",0.005,0.0058,1.525011,0.0058,0.08251834,0.0899,0.0189,0.07171834
"154",12,5,15,"RB_1300E","Red Butte",0.0231,1.667,3.729,1.667,1.3545,1.7403,0.019,-0.3356
"155",12,5,15,"RB_1300S","Red Butte",0.0539,0.9172,NA,0.9172,NA,1.3979,0.0698,NA
"156",12,5,15,"RB_ARBR_AA","Red Butte",0.0123,0.0066,2.444,0.0066,0.137,0.1994,0.0437,0.1181
"157",12,5,15,"RB_CG_BA","Red Butte",0.0152,0.0321,5.407,0.0321,0.107,0.0888,0.0405,0.0597
"158",12,5,15,"RB_FD_AA","Red Butte",0.0188,0.0316,5.083,0.0316,0.096,NA,NA,0.0456
"159",12,5,15,"RB_KF_BA","Red Butte",0.0106,0.0413,1.676,0.0413,0.059,0.1207,0.0383,0.0071
"160",12,5,15,"RB_RBG_BA","Red Butte",0.0115,0.02,5.282,0.02,0.099,0.0933,0.0398,0.0675
"161",12,11,14,"PR_BJ_AA","Provo",0.005,0.005,3.60583524,0.005,0.106667231,0.2046,0.0127,0.096667231
"162",12,11,14,"PR_CanyonViewPark","Provo",NA,NA,1.876648142,NA,0.301865472,NA,NA,NA
"163",12,11,14,"PR_CH_AA","Provo",NA,NA,3.037612146,NA,0.6413419,NA,NA,NA
"164",12,11,14,"PR_LM_BA","Provo",NA,NA,3.514211253,NA,0.096212698,NA,NA,NA
"165",12,11,14,"PR_SnakeCreekRR","Provo",NA,NA,0.725309651,NA,0.909750049,NA,NA,NA
"166",12,11,14,"PR_SpringCreek","Provo",NA,NA,2.387390578,NA,0.437295348,NA,NA,NA
"167",12,11,14,"PR_SpringGround","Provo",NA,NA,1.218889615,NA,0.760794094,NA,NA,NA
"168",12,11,14,"PR_ST_BA","Provo",0.005,0.005,1.546520286,0.005,0.125758729,0.1532,0.0024,0.115758729
"169",12,11,14,"PR_Vivian","Provo",NA,NA,2.208047292,NA,0.252551638,NA,NA,NA
"170",13,2,15,"RB_KF_BA","Red Butte",0.005,0.0684,1.186,0.0684,0.097,0.0742,0.0297,0.0236
"171",14,1,15,"RB_1300E","Red Butte",0.0051,2.7078,0.757,2.7078,2.912,2.6932,0.0167,0.1991
"172",14,1,15,"RB_1300S","Red Butte",0.0387,1.7164,1.449,1.7164,2.228,2.181,0.0273,0.4729
"173",14,1,15,"RB_ARBR_AA","Red Butte",0.0064,0.0272,4.71,0.0272,0.077,0.0438,0.0211,0.0434
"174",14,1,15,"RB_CG_BA","Red Butte",0.005,0.0151,13.938,0.0151,0.078,0.162,0.0446,0.0579
"175",14,1,15,"RB_FD_AA","Red Butte",0.0055,0.0237,9.474,0.0237,0.092,0.1102,0.0179,0.0628
"176",14,1,15,"RB_RBG_BA","Red Butte",0.005,0.0303,1.388,0.0303,0.115,0.1203,0.0231,0.0797
"177",14,7,15,"RB_900W","Red Butte",0.084,0.7359,NA,0.7359,NA,NA,NA,NA
"178",14,7,15,"RB_ARBR_AA","Red Butte",0.005,0.0469,NA,0.0469,NA,0.1043,0.0203,NA
"179",14,7,15,"RB_CG_BA","Red Butte",0.0412,0.1522,NA,0.1522,NA,0.4344,0.0607,NA
"180",14,7,15,"RB_FD_AA","Red Butte",0.0348,0.1944,NA,0.1944,NA,0.3596,0.1362,NA
"181",14,7,15,"RB_KF_BA","Red Butte",0.005,0.0515,NA,0.0515,NA,0.1503,0.0354,NA
"182",14,7,15,"RB_LDS","Red Butte",0.0872,1.5366,NA,1.5366,NA,1.3878,0.0352,NA
"183",14,7,15,"RB_RBG_BA","Red Butte",0.0592,0.2471,NA,0.2471,NA,0.5832,0.0921,NA
"184",14,10,14,"LR_Franklin_BA","Logan",0.005,0.1021,0.742333333,0.005,0.244333333,0.1649,0.005,0.137233333
"185",14,10,14,"LR_MainSt_BA","Logan",0.005,0.0886,0.724132664,0.005,0.230666667,0.1942,0.0108,0.137066667
"186",14,10,14,"LR_Mendon_AA","Logan",0.0239,0.1856,1.215353158,0.005,0.2565,0.2723,0.005,0.047
"187",14,10,14,"LR_TonyGrove_BA","Logan",0.005,0.0306,0.862333333,0.005,0.197666667,0.0864,0.005,0.162066667
"188",14,10,14,"LR_WaterLab_AA","Logan",0.0108,0.0917,0.985,0.005,0.246666667,0.1891,0.0071,0.144166667
"189",14,10,14,"PR_BJ_AA","Provo",0.005,0.005,0.682666667,0.005,NA,0.2619,0.0135,NA
"190",14,10,14,"PR_CH_AA","Provo",0.0085,0.0085,1.215,0.0085,NA,0.4523,0.0232,NA
"191",14,10,14,"PR_LM_BA","Provo",0.005,0.005,1.329,0.005,NA,0.2298,0.0129,NA
"192",14,10,14,"PR_ST_BA","Provo",0.0059,0.0059,0.584666667,0.0059,NA,0.1663,0.001,NA
"193",15,10,14,"RB_1300E","Red Butte",0.005,2.9924,0.80884704,2.9924,1.597333333,3.345,0.0127,-1.400066667
"194",15,10,14,"RB_1300S","Red Butte",0.0571,3.0802,2.151133438,3.0802,2.462333333,2.2892,0.0271,-0.674966667
"195",15,10,14,"RB_ARBR_AA","Red Butte",0.0143,0.0113,1.352257619,0.0113,0.191333333,0.0957,0.0518,0.165733333
"196",15,10,14,"RB_CG_BA","Red Butte",0.005,0.0163,1.30858619,0.0163,0.190333333,0.337,0.0564,0.169033333
"197",15,10,14,"RB_FD_AA","Red Butte",0.005,0.0211,1.372536645,0.0211,0.207666667,0.1129,0.0239,0.181566667
"198",15,10,14,"RB_KF_BA","Red Butte",0.005,0.0369,0.708848723,0.0369,0.164,0.1061,0.0275,0.1221
"199",15,10,14,"RB_RBG_BA","Red Butte",0.0069,0.0282,1.350153986,0.0282,0.204666667,0.1706,0.0309,0.169566667
"200",16,1,15,"RB_KF_BA","Red Butte",0.005,0.0778,2.705,0.0778,0.06,NA,NA,-0.0228
"201",16,4,15,"LR_Franklin_BA","Logan",0.0119,0.0963,1.475,0.005,0.179,0.1547,0.0198,0.0708
"202",16,4,15,"LR_MainSt_BA","Logan",0.0111,0.0883,NA,0.005,0.165,0.173,0.0124,0.0656
"203",16,4,15,"LR_Mendon_AA","Logan",0.0146,0.1381,NA,0.005,0.207,0.2032,0.0122,0.0543
"204",16,4,15,"LR_TonyGrove_BA","Logan",0.0121,0.028,NA,0.005,0.123,0.1351,0.0153,0.0829
"205",16,4,15,"LR_WaterLab_AA","Logan",0.0158,0.1008,1.127,0.005,0.15,0.1415,0.0121,0.0334
"206",16,4,15,"MR_AA_150416","Logan",NA,NA,4.656,NA,NA,NA,NA,NA
"207",16,4,15,"MS_BA_150416","Logan",NA,NA,1.04,NA,NA,NA,NA,NA
"208",16,4,15,"PR_TG_BA","Logan",NA,NA,2.915,NA,NA,NA,NA,NA
"209",16,4,15,"RB_1300E","Red Butte",NA,NA,5.9385,NA,0.992,1.4007,0.0424,NA
"210",16,4,15,"RB_1300S","Red Butte",0.0227,0.7143,NA,0.7143,NA,1.2357,0.0443,NA
"211",16,4,15,"RB_ARBR_AA","Red Butte",0.0104,0.0087,1.555,0.0087,0.088,0.0733,0.0383,0.0689
"212",16,4,15,"RB_CG_BA","Red Butte",0.0097,0.0147,1.576,0.0147,0.105,0.2533,0.0605,0.0806
"213",16,4,15,"RB_FD_AA","Red Butte",0.012,0.0468,3.241,0.0468,0.147,0.2175,0.0611,0.0882
"214",16,4,15,"RB_RBG_BA","Red Butte",0.0099,0.0249,1.411,0.0249,0.111,0.1372,0.0428,0.0762
"215",16,9,14,"PR_BJ_AA","Provo",0.0109,0.0109,3.8905,0.0109,0.303,0.2244,0.0172,0.2812
"216",16,9,14,"PR_CH_AA","Provo",NA,NA,3.627166667,NA,0.313833333,0.3066,0.0259,NA
"217",16,9,14,"PR_LM_BA","Provo",0.0087,0.0087,3.687333333,0.0087,0.242666667,0.2081,0.0183,0.225266667
"218",16,9,14,"PR_ST_BA","Provo",0.0102,0.0102,2.865666667,0.0102,0.162333333,0.1211,0.0037,0.141933333
"219",16,9,14,"RB_1300E","Red Butte",0.0097,2.9066,0.8875,2.9066,3.149666667,2.5274,0.0153,0.233366667
"220",16,9,14,"RB_1300S","Red Butte",0.0287,0.2876,5.055166667,0.2876,0.7585,0.8336,0.0605,0.4422
"221",16,9,14,"RB_ARBR_AA","Red Butte",0.0188,0.0212,1.125666667,0.0212,0.185333333,0.0858,0.027,0.145333333
"222",16,9,14,"RB_CG_BA","Red Butte",0.0232,0.0556,1.580166667,0.0556,0.205333333,0.1852,0.0436,0.126533333
"223",16,9,14,"RB_FD_AA","Red Butte",0.0144,0.0666,1.637333333,0.0666,0.213666667,0.2086,0.0436,0.132666667
"224",16,9,14,"RB_KF_BA","Red Butte",0.0061,0.0577,0.874166667,0.0577,0.121666667,0.1026,0.032,0.057866667
"225",16,9,14,"RB_RBG_BA","Red Butte",0.0152,0.0544,1.642,0.0544,0.215166667,0.2579,0.0528,0.145566667
"226",16,12,14,"LR_MainSt_BA","Logan",0.005,0.1563,0.5255652,0.005,0.191928533,0.2017,0.0065,0.030628533
"227",16,12,14,"LR_Mendon_AA","Logan",0.005,0.2408,0.75922715,0.005,0.251064667,0.3204,0.0067,0.00526466700000003
"228",16,12,14,"LR_WaterLab_AA","Logan",0.005,0.1621,0.5810779,0.005,0.1953298,0.2015,0.0052,0.0282298
"229",17,12,14,"LR_TonyGrove_BA","Logan",0.005,0.0692,0.6254953,0.005,0.117726667,0.1097,0.0051,0.043526667
"230",18,2,15,"RB_1300S","Red Butte",0.0257,2.6472,1.57,2.6472,3.132,3.1354,0.0127,0.4591
"231",18,2,15,"RB_ARBR_AA","Red Butte",0.005,0.005,1.137,0.005,0.097,0.0166,0.0149,0.087
"232",18,2,15,"RB_CG_BA","Red Butte",0.0059,0.0107,1.203,0.0107,0.103,0.0355,0.0184,0.0864
"233",18,2,15,"RB_FD_AA","Red Butte",0.005,0.005,1.916,0.005,0.1,0.0425,0.0152,0.09
"234",18,2,15,"RB_LDS","Red Butte",0.0058,2.7408,NA,2.7408,NA,3.0854,0.0131,NA
"235",18,2,15,"RB_LDSWard","Red Butte",NA,NA,0.701,NA,3.205,NA,NA,NA
"236",18,2,15,"RB_RBG_BA","Red Butte",0.0097,0.0366,1.829,0.0366,0.122,0.0893,0.0272,0.0757
"237",18,3,15,"RB_KF_BA","Red Butte",0.005,0.0381,0.658,0.0381,0.081,0.1009,0.0139,0.0379
"238",18,6,15,"RB_1300E","Red Butte",0.0342,1.2622,1.866,1.2622,1.422,1.1577,0.03,0.1256
"239",18,6,15,"RB_1300S","Red Butte",NA,NA,3.56,NA,1.364,NA,NA,NA
"240",18,6,15,"RB_900W","Red Butte",NA,NA,NA,NA,NA,1.5641,0.0498,NA
"241",18,6,15,"RB_ARBR_AA","Red Butte",0.0173,0.0481,1.477,0.0481,NA,0.136,0.0208,NA
"242",18,6,15,"RB_CG_BA","Red Butte",0.0314,0.0594,2.776,0.0594,0.248,0.2982,0.0506,0.1572
"243",18,6,15,"RB_FD_AA","Red Butte",0.0182,0.0649,2.687,0.0649,0.232,NA,NA,0.1489
"244",18,6,15,"RB_KF_BA","Red Butte",0.0092,0.0564,0.868,0.0564,0.122,0.161,0.038,0.0564
"245",18,6,15,"RB_RBG_BA","Red Butte",0.0432,0.0473,2.896,0.0473,0.243,0.2976,0.0398,0.1525
"246",18,9,14,"LR_Franklin_BA","Logan",NA,NA,NA,NA,0.216333333,0.1802,0.0127,NA
"247",18,9,14,"LR_MainSt_BA","Logan",NA,NA,NA,NA,0.278466667,0.1728,0.0104,NA
"248",18,9,14,"LR_Mendon_AA","Logan",NA,NA,NA,NA,0.35,0.4121,0.0243,NA
"249",18,9,14,"LR_TonyGrove_BA","Logan",NA,NA,NA,NA,0.180666667,0.0803,0.0106,NA
"250",18,9,14,"LR_WaterLab_AA","Logan",NA,NA,NA,NA,0.143166667,0.1585,0.0089,NA
"251",18,11,14,"RB_1300E","Red Butte",0.0074,2.731,NA,2.731,NA,2.993,0.0067,NA
"252",18,11,14,"RB_1300S","Red Butte",0.0801,0.6299,NA,0.6299,NA,NA,NA,NA
"253",18,11,14,"RB_ARBR_AA","Red Butte",0.005,0.005,0.589190367,0.005,0.026074337,0.1291,0.0476,0.016074337
"254",18,11,14,"RB_CG_BA","Red Butte",0.0081,0.005,1.237187171,0.005,0.080869051,0.1225,0.0348,0.067769051
"255",18,11,14,"RB_FD_AA","Red Butte",0.005,0.005,NA,0.005,NA,0.0851,0.0376,NA
"256",18,11,14,"RB_KF_BA","Red Butte",0.005,0.0697,0.206562602,0.0697,0.08684307,0.0974,0.0255,0.01214307
"257",18,11,14,"RB_RBG_BA","Red Butte",0.005,0.0098,1.414351095,0.0098,0.154572097,0.1265,0.0223,0.139772097
"258",18,11,14,"RB_TM","Red Butte",NA,NA,0.451118739,NA,0.053584411,NA,NA,NA
"259",19,2,15,"LR_Franklin_BA","Logan",NA,NA,0.86,NA,0.08,NA,NA,NA
"260",19,2,15,"LR_Mendon_AA","Logan",NA,NA,0.86,NA,0.33,NA,NA,NA
"261",19,2,15,"LR_TonyGrove_BA","Logan",NA,NA,1.01,NA,0.09,NA,NA,NA
"262",19,2,15,"LR_WaterLab_AA","Logan",NA,NA,1.99,NA,0.195,NA,NA,NA
"263",19,3,15,"LR_MainSt_BA","Logan",0.005,0.0689,1.603,0.005,0.15,0.1412,0.005,0.0761
"264",19,3,15,"LR_Mendon_AA","Logan",0.005,0.1234,1.514,0.005,0.232,0.3181,0.0067,0.1036
"265",19,3,15,"LR_TonyGrove_BA","Logan",0.0065,0.0204,1.364,0.005,0.111,0.1277,0.0089,0.0841
"266",19,3,15,"LR_WaterLab_AA","Logan",0.0069,0.0844,0.969,0.005,0.188,0.1866,0.0059,0.0967
"267",19,3,15,"RB_1300E","Red Butte",0.0098,2.8142,0.718,2.8142,3.024,1.4144,0.005,0.2
"268",19,3,15,"RB_1300S","Red Butte",0.025,2.556,1.145,2.556,2.807,2.961,0.0064,0.226
"269",19,3,15,"RB_ARBR_AA","Red Butte",0.005,0.005,1.335467,0.005,0.076,0.0719,0.009,0.066
"270",19,3,15,"RB_CG_BA","Red Butte",0.0072,0.008,1.566,0.008,0.099,0.0827,0.034,0.0838
"271",19,3,15,"RB_FD_AA","Red Butte",0.0069,0.005,1.184,0.005,0.09,0.0719,0.0089,0.0781
"272",19,3,15,"RB_RBG_BA","Red Butte",0.0189,0.0153,1.472,0.0153,0.119,0.07,0.007,0.0848
"273",19,12,14,"PR_BJ_AA","Provo",0.005,0.005,4.94573,0.005,0.369900333,0.1717,0.0105,0.359900333
"274",19,12,14,"PR_CH_AA","Provo",0.002,0.002,3.357455,0.002,0.3706098,0.3123,0.0172,0.3666098
"275",19,12,14,"PR_LM_BA","Provo",0.0013,0.0013,3.32216,0.0013,0.167639733,0.1289,0.0104,0.165039733
"276",19,12,14,"PR_ST_BA","Provo",0.005,0.005,2.429468,0.005,0.288123867,0.1624,0.0025,0.278123867
"277",20,2,15,"PR_BJ_AA","Provo",0.0039,0.0039,NA,0.0039,NA,0.2235,0.0163,NA
"278",20,2,15,"PR_CH_AA","Provo",0.0163,0.0163,3.497,0.0163,0.427,0.3949,0.0303,0.3944
"279",20,2,15,"PR_LM_BA","Provo",0.0116,0.0116,3.749,0.0116,0.287,0.1555,0.0119,0.2638
"280",20,2,15,"PR_ST_BA","Provo",0.0044,0.0044,3.655,0.0044,0.247,0.1893,0.0102,0.2382
"281",20,4,15,"RB_KF_BA","Red Butte",NA,NA,2.416,NA,0.086,NA,NA,NA
"282",20,8,14,"LR_Franklin_BA","Logan",0.0062,0.097,0.917362743,0.005,0.307555556,0.2311,0.0271,0.204355556
"283",20,8,14,"LR_MainSt_BA","Logan",0.0086,0.0869,1.132222222,0.005,0.369444444,0.1646,0.005,0.273944444
"284",20,8,14,"LR_Mendon_AA","Logan",0.0321,0.5743,2.090666667,0.005,1.028444444,NA,NA,0.422044444
"285",20,8,14,"LR_TonyGrove_BA","Logan",0.008,0.0174,1.028222222,0.005,0.275107404,0.1309,0.0056,0.249707404
"286",20,8,14,"LR_WaterLab_AA","Logan",0.005,0.0643,0.957,0.005,0.313555556,NA,NA,0.244255556
"287",20,8,14,"PR_BJ_AA","Provo",NA,NA,4.014888889,NA,0.389333333,NA,NA,NA
"288",20,8,14,"PR_CH_AA","Provo",NA,NA,4.266222222,NA,0.454666667,NA,NA,NA
"289",20,8,14,"PR_LM_BA","Provo",NA,NA,4.225444444,NA,0.379111111,NA,NA,NA
"290",20,8,14,"PR_ST_BA","Provo",NA,NA,3.583444444,NA,0.310444444,NA,NA,NA
"291",20,8,14,"RB_1300E","Red Butte",0.005,2.1708,NA,2.1708,NA,2.2738,0.0086,NA
"292",20,8,14,"RB_1300ESpring","Red Butte",0.015,1.6475,NA,1.6475,NA,1.9998,0.0138,NA
"293",20,8,14,"RB_ARBR_AA","Red Butte",0.005,0.0523,1.288,0.0523,0.249111111,0.3251,0.0807,0.191811111
"294",20,8,14,"RB_CG_BA","Red Butte",0.005,0.0922,1.850222222,0.0922,0.358666667,0.3215,0.0875,0.261466667
"295",20,8,14,"RB_FD_AA","Red Butte",0.005,0.1273,2.614666667,0.1273,0.429,0.3146,0.1655,0.2967
"296",20,8,14,"RB_KF_BA","Red Butte",0.005,0.0477,0.653444444,0.0477,0.232111111,0.1804,0.0475,0.179411111
"297",20,8,14,"RB_RBG_BA","Red Butte",0.0094,0.0881,1.777333333,0.0881,0.336,0.4512,0.1652,0.2385
"298",20,8,15,"RB_900W","Red Butte",0.2259,0.6523,NA,0.6523,NA,1.1337,0.0981,NA
"299",20,8,15,"RB_ARBR_AA","Red Butte",0.01415,0.07545,NA,0.07545,NA,0.1186,0.0167,NA
"300",20,8,15,"RB_CG_BA","Red Butte",0.0548,0.1444,NA,0.1444,NA,0.4526,0.1435,NA
"301",20,8,15,"RB_FD_AA","Red Butte",0.0116,0.1091,NA,0.1091,NA,0.3904,0.1161,NA
"302",20,8,15,"RB_KF_BA","Red Butte",0.0218,0.0556,NA,0.0556,NA,0.1232,0.0292,NA
"303",20,8,15,"RB_LDS","Red Butte",0.0641,2.05,NA,2.05,NA,1.7472,0.0387,NA
"304",20,8,15,"RB_RBG_BA","Red Butte",0.0522,0.1814,NA,0.1814,NA,0.3307,0.0836,NA
"305",21,1,15,"PR_BJ_AA","Provo",0.0102,0.0102,4.421,0.0102,0.178,0.2109,0.0124,0.1576
"306",21,1,15,"PR_CH_AA","Provo",0.0297,0.0297,4.034,0.0297,0.425,0.4901,0.043,0.3656
"307",21,1,15,"PR_LM_BA","Provo",0.0035,0.0035,6.211,0.0035,0.236,0.1531,0.0093,0.229
"308",21,1,15,"PR_ST_BA","Provo",6e-04,6e-04,3.982,6e-04,0.181,0.1745,0.0016,0.1798
"309",21,7,15,"LR_Franklin_BA","Logan",0.005,0.1023,NA,0.005,NA,0.1479,0.0103,NA
"310",21,7,15,"LR_MainSt_BA","Logan",0.005,0.0779,NA,0.005,NA,0.2145,0.0081,NA
"311",21,7,15,"LR_Mendon_AA","Logan",0.005,0.3433,NA,0.005,NA,0.5724,0.0194,NA
"312",21,7,15,"LR_TonyGrove_BA","Logan",0.005,0.0146,NA,0.005,NA,0.1295,0.0113,NA
"313",21,7,15,"LR_WaterLab_AA","Logan",0.005,0.0706,NA,0.005,NA,0.1963,0.0068,NA
"314",21,8,14,"PR_BJ_AA","Provo",0.0039,0.0039,NA,0.0039,NA,NA,NA,NA
"315",21,8,14,"PR_CH_AA","Provo",0.0083,0.0083,NA,0.0083,NA,0.1798,0.0031,NA
"316",21,8,14,"PR_LM_BA","Provo",0.0096,0.0096,NA,0.0096,NA,0.1784,0.0096,NA
"317",21,8,14,"PR_ST_BA","Provo",0.0077,0.0077,NA,0.0077,NA,0.15115,0.00405,NA
"318",22,1,15,"LR_Franklin_BA","Logan",NA,NA,NA,NA,NA,0.2347,0.0091,NA
"319",22,1,15,"LR_MainSt_BA","Logan",0.0112,0.1724,0.429,0.005,0.234,0.2422,0.005,0.0504
"320",22,1,15,"LR_Mendon_AA","Logan",0.0058,0.263,1.613,0.005,0.268,0.4966,0.0111,-0.000800000000000023
"321",22,1,15,"LR_TonyGrove_BA","Logan",NA,NA,NA,NA,NA,0.198,0.0105,NA
"322",22,1,15,"LR_WaterLab_AA","Logan",0.0251,0.1669,0.455,0.005,0.219,0.2412,0.0078,0.027
"323",22,11,14,"LR_CanalGarff","Logan",NA,NA,0.578872302,NA,0.273089663,NA,NA,NA
"324",22,11,14,"LR_Franklin_BA","Logan",NA,NA,0.527991944,NA,0.16961034,NA,NA,NA
"325",22,11,14,"LR_HWY252","Logan",0.005,0.1795,0.685549723,0.005,0.22129302,0.2202,0.0076,0.03679302
"326",22,11,14,"LR_MainSt_BA","Logan",0.0129,0.1596,0.805163678,0.005,0.290725594,0.2262,0.005,0.118225594
"327",22,11,14,"LR_Mendon_AA","Logan",0.0295,0.1726,0.975667104,0.005,0.294215742,0.2156,0.0074,0.092115742
"328",22,11,14,"LR_Temple","Logan",0.0582,0.1469,0.586486585,0.005,0.168570419,0.19,0.0109,-0.036529581
"329",22,11,14,"LR_TempleSpring","Logan",0.005,0.133,NA,0.005,NA,NA,NA,NA
"330",22,11,14,"LR_TonyGrove_BA","Logan",0.005,0.1028,0.60557925,0.005,0.154040007,0.1474,0.006,0.046240007
"331",22,11,14,"LR_WaterLab_AA","Logan",0.0144,0.1674,0.549002989,0.005,0.208201404,0.1921,0.0055,0.026401404
"332",23,6,15,"LR_Franklin_BA","Logan",0.0095,0.0856,1.206891,0.005,0.1481503,0.3004,0.0133,0.0530503
"333",23,6,15,"LR_MainSt_BA","Logan",0.011,0.0815,1.24701,0.005,0.173517,0.1769,0.0054,0.081017
"334",23,6,15,"LR_Mendon_AA","Logan",0.0234,0.3457,1.75011,0.005,0.472376,0.4983,0.0156,0.103276
"335",23,6,15,"LR_TonyGrove_BA","Logan",0.0179,0.029,1.40697,0.0051,0.1334091,0.1252,0.0091,0.0865091
"336",23,6,15,"LR_WaterLab_AA","Logan",0.0219,0.0721,1.57,0.005,0.1312302,0.139,0.0051,0.0372302
"337",23,7,15,"PR_BJ_AA","Provo",NA,NA,NA,NA,NA,0.2208,0.0094,NA
"338",23,7,15,"PR_CH_AA","Provo",NA,NA,NA,NA,NA,0.3144,0.0284,NA
"339",23,7,15,"PR_LM_BA","Provo",NA,NA,NA,NA,NA,0.2331,0.017,NA
"340",24,6,15,"PR_BJ_AA","Provo",0.0053,0.0053,NA,0.0053,NA,0.1954,0.0055,NA
"341",24,6,15,"PR_CH_AA","Provo",0.0259,0.0259,NA,0.0259,NA,0.3491,0.0245,NA
"342",24,6,15,"PR_LM_BA","Provo",0.0052,0.0052,NA,0.0052,NA,0.1882,0.0093,NA
"343",24,6,15,"PR_ST_BA","Provo",0.0115,0.0115,NA,0.0115,NA,0.1427,0.0027,NA
"344",27,5,15,"LR_Franklin_BA","Logan",0.0259,0.1015,5.939,0.0078,0.295,0.2434,0.017,0.1676
"345",27,5,15,"LR_MainSt_BA","Logan",0.0312,0.1072,NA,0.005,NA,0.251,0.0158,NA
"346",27,5,15,"LR_Mendon_AA","Logan",0.0252,0.1575,NA,0.005,NA,0.3707,0.0222,NA
"347",27,5,15,"LR_TonyGrove_BA","Logan",0.0168,0.0531,5.194,0.005,0.162,0.1663,0.0139,0.0921
"348",27,5,15,"LR_WaterLab_AA","Logan",0.0271,0.0999,4.078,0.005,0.192,0.2193,0.013,0.065
"349",27,5,15,"MR_AA_150527","Logan",NA,NA,4.52,NA,0.226,NA,NA,NA
"350",27,5,15,"MS_BA_150527","Logan",NA,NA,6.788,NA,0.188,NA,NA,NA
"351",27,5,15,"PR_BJ_AA","Provo",0.0042,0.0042,3.529,0.0042,0.18,0.1742,0.0031,0.1716
"352",27,5,15,"PR_CH_AA","Provo",0.006,0.006,4.099,0.006,0.273,0.1614,0.0306,0.261
"353",27,5,15,"PR_LM_BA","Provo",NA,NA,3.459,NA,0.147,0.2085,0.0062,NA
"354",27,5,15,"PR_ST_BA","Provo",0.0041,0.0041,21.071,0.0041,0.186,0.2046,0.0036,0.1778
"355",27,5,15,"RB_1300E","Red Butte",0.0129,0.5333,5.8625,0.5333,0.753,0.7815,0.0574,0.2068
"356",27,5,15,"RB_1300S","Red Butte",0.0317,0.6177,NA,0.6177,NA,1.0613,0.0435,NA
"357",27,5,15,"RB_ARBR_AA","Red Butte",0.0175,0.0396,4.683,0.0396,0.153,0.1746,0.0418,0.0959
"358",27,5,15,"RB_CG_BA","Red Butte",0.0172,0.0529,5.054,0.0529,0.175,0.2937,0.0546,0.1049
"359",27,5,15,"RB_FD_AA","Red Butte",0.0181,0.0669,5.281,0.0669,0.189,0.2889,0.0527,0.104
"360",27,5,15,"RB_KF_BA","Red Butte",0.0081,0.0639,1.948,0.0639,0.092,0.1017,0.0228,0.02
"361",27,5,15,"RB_RBG_BA","Red Butte",0.0277,0.0389,5.034,0.0389,0.176,0.2171,0.0411,0.1094
"362",28,10,14,"PR_BJ_AA","Provo",0.005,0.005,0.841,0.005,NA,0.205,0.0118,NA
"363",28,10,14,"PR_CH_AA","Provo",0.0199,0.0199,1.217333333,0.0199,NA,0.4395,0.023,NA
"364",28,10,14,"PR_LM_BA","Provo",0.005,0.005,0.937666667,0.005,NA,0.1698,0.0122,NA
"365",28,10,14,"PR_ST_BA","Provo",0.0037,0.0037,1.251,0.0037,NA,0.1507,0.0036,NA
"366",29,4,15,"PR_BJ_AA","Provo",NA,NA,3.344,NA,0.181,0.1126,0.0102,NA
"367",29,4,15,"PR_CH_AA","Provo",0.0144,0.0144,4.296,0.0144,0.374,0.3849,0.037,0.3452
"368",29,4,15,"PR_LM_BA","Provo",0.01,0.01,NA,0.01,NA,0.1157,0.0159,NA
"369",29,4,15,"PR_ST_BA","Provo",0.005,0.005,7.265,0.005,0.237,0.1859,0.0118,0.227
"370",29,4,15,"RB_1300E","Red Butte",0.0112,1.3118,3.2515,1.3118,1.103,0.5692,0.0648,-0.22
"371",29,4,15,"RB_1300S","Red Butte",0.0543,0.4712,NA,0.4712,NA,1.1063,0.0764,NA
"372",29,4,15,"RB_ARBR_AA","Red Butte",0.0089,0.012,1.851,0.012,0.104,0.0792,0.03,0.0831
"373",29,4,15,"RB_CG_BA","Red Butte",0.01,0.01,2.646,0.01,0.103,0.1296,0.0453,0.083
"374",29,4,15,"RB_FD_AA","Red Butte",0.0537,0.0314,3.889,0.0314,0.222,0.1409,0.0324,0.1369
"375",29,4,15,"RB_KF_BA","Red Butte",0.0117,0.0286,0.724,0.0286,0.101,0.1535,0.0392,0.0607
"376",29,4,15,"RB_RBG_BA","Red Butte",0.0252,0.0183,2.358,0.0183,0.122,0.1359,0.0387,0.0785
"377",29,12,14,"RB_1300E","Red Butte",0.0056,2.3616,0.878,2.3616,2.759,2.4596,0.0096,0.3918
"378",29,12,14,"RB_1300S","Red Butte",0.1056,1.098,1.879,1.098,1.898,1.7478,0.0212,0.6944
"379",29,12,14,"RB_CG_BA","Red Butte",0.005,0.0291,1.377,0.0291,0.205,0.1615,0.0372,0.1709
"380",29,12,14,"RB_FD_AA","Red Butte",0.062,0.0463,2.15,0.0463,0.44,0.2756,0.0456,0.3317
"381",29,12,14,"RB_RBG_BA","Red Butte",0.0103,0.037,1.48,0.037,0.259,0.1614,0.0306,0.2117
"382",30,4,15,"LR_Franklin_BA","Logan",0.012,0.0884,2.602,0.005,0.11,0.2173,0.0285,0.0096
"383",30,4,15,"LR_MainSt_BA","Logan",0.0099,0.0249,NA,0.0061,NA,0.2145,0.0201,NA
"384",30,4,15,"LR_Mendon_AA","Logan",0.0195,0.1279,NA,0.005,NA,0.2501,0.0203,NA
"385",30,4,15,"LR_TonyGrove_BA","Logan",0.0185,0.0507,6.021,0.005,0.211,0.1539,0.0206,0.1418
"386",30,4,15,"LR_WaterLab_AA","Logan",0.0201,0.1022,1.461,0.005,0.203,0.2013,0.0199,0.0807
"387",30,4,15,"MR_AA_150430","Logan",NA,NA,3.145,NA,0.232,NA,NA,NA
"388",30,4,15,"MS_BA_150430","Logan",NA,NA,5.177,NA,0.193,NA,NA,NA
"389",30,4,15,"PR_LM_BA","Provo",NA,NA,3.613,NA,0.168,NA,NA,NA
"390",30,9,14,"LR_MainSt_BA","Logan",0.005,0.1193,0.904833333,0.005,0.249333333,0.2175,0.0069,0.125033333
"391",30,9,14,"LR_WaterLab_AA","Logan",0.005,0.0989,0.853833333,0.005,0.225166667,0.1984,0.0056,0.121266667
"392",30,9,14,"PR_BJ_AA","Provo",0.0013,0.0013,0.651333333,0.0013,NA,0.3035,0.0149,NA
"393",30,9,14,"PR_CH_AA","Provo",0.0071,0.0071,0.593,0.0071,NA,0.416,0.0289,NA
"394",30,9,14,"PR_LM_BA","Provo",0.0068,0.0068,0.65,0.0068,NA,0.2651,0.0195,NA
"395",30,9,14,"PR_ST_BA","Provo",NA,NA,0.426666667,NA,NA,0.2725,0.01,NA
"396",30,9,14,"RB_1300E","Red Butte",0.0054,2.885,0.778166667,2.885,1.4795,3.0318,0.0081,-1.4109
"397",30,9,14,"RB_1300S","Red Butte",NA,NA,3.567833333,NA,1.209,1.0159,0.0535,NA
"398",30,9,14,"RB_ARBR_AA","Red Butte",0.006,0.005,1.506666667,0.005,0.213166667,0.2423,0.0399,0.202166667
"399",30,9,14,"RB_CG_BA","Red Butte",0.0067,0.049,1.476833333,0.049,0.2185,0.2144,0.0279,0.1628
"400",30,9,14,"RB_FD_AA","Red Butte",0.005,0.05,1.286333333,0.05,0.214166667,0.2793,0.0405,0.159166667
"401",30,9,14,"RB_KF_BA","Red Butte",0.005,0.0357,0.956333333,0.0357,0.2715,0.0981,0.0205,0.2308
"402",30,9,14,"RB_RBG_BA","Red Butte",0.0067,0.0389,1.331166667,0.0389,0.2235,0.2339,0.0289,0.1779
"403",30,10,14,"LR_Franklin_BA","Logan",0.005,0.0881,0.725333333,0.005,1.1305,NA,NA,1.0374
"404",30,10,14,"LR_MainSt_BA","Logan",0.005,0.0906,0.747666667,0.005,0.6665,0.1281,0.0064,0.5709
"405",30,10,14,"LR_Mendon_AA","Logan",0.02,0.1507,1.055,0.005,0.7165,0.206,0.0062,0.5458
"406",30,10,14,"LR_TonyGrove_BA","Logan",0.0156,0.0243,1.543666667,0.005,0.7305,0.0911,0.0059,0.6906
"407",30,10,14,"LR_WaterLab_AA","Logan",0.005,0.099,0.797666667,0.005,0.732,0.1697,0.007,0.628
"408",31,8,15,"RB_900W","Red Butte",0.1101,0.8341,NA,0.8341,NA,1.4539,0.1195,NA
"409",31,8,15,"RB_ARBR_AA","Red Butte",0.0129,0.028,NA,0.028,NA,0.1135,0.0197,NA
"410",31,8,15,"RB_CG_BA","Red Butte",0.005,0.0997,NA,0.0997,NA,0.2854,0.0578,NA
"411",31,8,15,"RB_FD_AA","Red Butte",0.005,0.0684,NA,0.0684,NA,0.297,0.0605,NA
"412",31,8,15,"RB_KF_BA","Red Butte",0.005,0.0477,NA,0.0477,NA,0.1706,0.0352,NA
"413",31,8,15,"RB_LDS","Red Butte",0.0732,2.1614,NA,2.1614,NA,1.788,0.0603,NA
"414",31,8,15,"RB_RBG_BA","Red Butte",0.1303,0.2251,NA,0.2251,NA,0.3632,0.0798,NA
"415",31,12,14,"RB_ARBR_AA","Red Butte",NA,NA,1.052,NA,0.078,NA,NA,NA
